GROUP,PACKAGE,CLASS,INSTRUCTION_MISSED,INSTRUCTION_COVERED,BRANCH_MISSED,BRANCH_COVERED,LINE_MISSED,LINE_COVERED,COMPLEXITY_MISSED,COMPLEXITY_COVERED,METHOD_MISSED,METHOD_COVERED
hawk-commons-util,org.common.java,JavaUtil,3,29,0,6,1,5,1,5,1,2
hawk-commons-util,org.common.di,AppContainer,385,0,38,0,106,0,46,0,27,0
hawk-commons-util,org.commons.file.excel,Person,102,0,2,0,23,0,15,0,14,0
hawk-commons-util,org.commons.file.excel,ExcelFileUtil,454,0,50,0,93,0,29,0,4,0
hawk-commons-util,org.commons.file.excel,ColumnContainer,86,0,6,0,33,0,17,0,14,0
hawk-commons-util,org.commons.exception,CommonUtil,87,0,20,0,15,0,16,0,6,0
hawk-commons-util,org.commons.exception,Exception,242,0,14,0,51,0,21,0,14,0
hawk-commons-util,org.common.crypto,EncryptionUtil,17,23,0,0,5,8,1,1,1,1
hawk-commons-util,org.commons.collections,CollectionUtil,3,9,1,3,1,1,2,2,1,1
hawk-commons-util,org.commons.implementor,ImplementorVisitor,77,0,8,0,20,0,9,0,5,0
hawk-commons-util,org.commons.implementor,ClazzLiteralVisitable,14,0,0,0,6,0,4,0,4,0
hawk-commons-util,org.commons.implementor,ClazzVisitable,14,0,0,0,6,0,4,0,4,0
hawk-commons-util,org.commons.implementor,InstanceVisitable,14,0,0,0,6,0,4,0,4,0
hawk-commons-util,org.commons.reflection,ClazzUtil,31,224,4,14,11,67,4,26,0,21
hawk-commons-util,org.commons.resource,ResourceUtil,3,51,0,6,1,12,1,5,1,2
hawk-commons-util,org.commons.logger,LoggerFactory,9,10,0,0,3,3,2,1,2,1
hawk-commons-util,org.commons.logger,CommonLogger,24,23,0,0,9,9,5,5,5,5
hawk-commons-util,org.commons.io,IOUtil,85,206,4,4,20,45,7,11,4,10
hawk-commons-util,org.common.properties,PropertiesUtil,85,87,9,5,14,23,8,5,2,4
hawk-commons-util,org.commons.file,FileUtil,661,240,17,19,102,56,22,18,12,10
hawk-commons-util,org.commons.file,FileConstant,3,0,0,0,1,0,1,0,1,0
hawk-commons-util,org.commons.file,ZipException,18,0,0,0,8,0,4,0,4,0
hawk-commons-util,org.commons.file,ZipUtil,43,0,4,0,12,0,4,0,2,0
hawk-commons-util,org.commons.xml,XMLUtil,386,0,52,0,100,0,39,0,13,0
hawk-commons-util,org.commons.string,StringUtil,3,296,6,54,1,75,7,34,1,10
hawk-commons-util,org.commons.string,ParserException,18,0,0,0,8,0,4,0,4,0
hawk-commons-util,org.common.bean,BeanConverter,108,112,12,16,28,29,8,9,2,1
hawk-commons-util,org.commons.process,ProcessUtil,169,0,10,0,19,0,8,0,3,0
